DATE;GCSI;GCSI_PR;GCSI_IN;GCSI_EN;GCSI_OI;BCOM;BCOM_PR;BCOM_IN;BCOM_EN
30.01.1970;102,19;;;;;;;;
27.02.1970;104,37;;;;;;;;
31.03.1970;104,69;;;;;;;;
30.04.1970;102,53;;;;;;;;
29.05.1970;99,43;;;;;;;;
30.06.1970;105,54;;;;;;;;
31.07.1970;100,15;;;;;;;;
31.08.1970;105,25;;;;;;;;
30.09.1970;105,66;;;;;;;;
30.10.1970;104,88;;;;;;;;
30.11.1970;104,33;;;;;;;;
31.12.1970;104,91;;;;;;;;
29.01.1971;110,19;;;;;;;;
26.02.1971;108,53;;;;;;;;
31.03.1971;107,98;;;;;;;;
30.04.1971;107,43;;;;;;;;
31.05.1971;107,94;;;;;;;;
30.06.1971;106,15;;;;;;;;
30.07.1971;105,08;;;;;;;;
31.08.1971;104,44;;;;;;;;
30.09.1971;103,58;;;;;;;;
29.10.1971;108,04;;;;;;;;
30.11.1971;108,29;;;;;;;;
31.12.1971;111,93;;;;;;;;
31.01.1972;113,01;;;;;;;;
29.02.1972;111,56;;;;;;;;
31.03.1972;111,28;;;;;;;;
28.04.1972;112,97;;;;;;;;
31.05.1972;113,44;;;;;;;;
30.06.1972;115,88;;;;;;;;
31.07.1972;111,29;;;;;;;;
31.08.1972;118,53;;;;;;;;
29.09.1972;129,06;;;;;;;;
31.10.1972;127,31;;;;;;;;
30.11.1972;136,76;;;;;;;;
29.12.1972;147,14;;;;;;;;
31.01.1973;150,67;99,951;;;;;;;
28.02.1973;153,65;124,511;;;;;;;
30.03.1973;149,08;107,617;;;;;;;
30.04.1973;153,91;106,543;;;;;;;
31.05.1973;180,02;126,806;;;;;;;
29.06.1973;165,8;132,861;;;;;;;
31.07.1973;209,22;141,65;;;;;;;
31.08.1973;208,21;131,347;;;;;;;
28.09.1973;198,1;137,792;;;;;;;
31.10.1973;186,34;140,673;;;;;;;
30.11.1973;199,06;147,314;;;;;;;
31.12.1973;218,73;160,986;;;;;;;
31.01.1974;244,17;198,242;;;;;;;
28.02.1974;236,56;287,012;;;;;;;
29.03.1974;212,89;262,158;;;;;;;
30.04.1974;205,01;280,274;;;;;;;
31.05.1974;191,02;240,967;;;;;;;
28.06.1974;206,54;234,375;;;;;;;
31.07.1974;253,34;244,238;;;;;;;
30.08.1974;240,36;209,717;;;;;;;
30.09.1974;257,38;216,065;;;;;;;
31.10.1974;279,08;236,572;;;;;;;
29.11.1974;289,39;231,446;;;;;;;
31.12.1974;264,03;218,262;;;;;;;
31.01.1975;222,9;200,436;;;;;;;
28.02.1975;198,42;220,455;;;;;;;
31.03.1975;215,15;208,736;;;;;;;
30.04.1975;200,26;213,131;;;;;;;
30.05.1975;189,19;220,699;;;;;;;
30.06.1975;187,94;228,267;;;;;;;
31.07.1975;192,33;246,821;;;;;;;
29.08.1975;211,25;228,267;;;;;;;
30.09.1975;211,19;220,943;;;;;;;
31.10.1975;193,36;204,684;;;;;;;
28.11.1975;189,16;204,391;;;;;;;
31.12.1975;183,46;206,832;;;;;;;
30.01.1976;168,67;193,851;;;;;;;
27.02.1976;178,86;207,28;;;;;;;
31.03.1976;184,38;197,904;;;;;;;
30.04.1976;192,01;219,731;;;;;;;
31.05.1976;195,59;229,985;;;;;;;
30.06.1976;189,45;238,774;;;;;;;
30.07.1976;172,13;220,317;;;;;;;
31.08.1976;167,47;202,153;;;;;;;
30.09.1976;151,18;213,481;;;;;;;
29.10.1976;148,81;211,528;;;;;;;
30.11.1976;151,02;211,723;;;;;;;
31.12.1976;158,1;214,36;;;;;;;
31.01.1977;155,53;219,482;101,41;;;;;;
28.02.1977;155,95;233,154;107,99;;;;;;
31.03.1977;165,32;235,937;110,66;;;;;;
29.04.1977;174,51;234,717;100,47;;;;;;
31.05.1977;167,97;222,9;94,67;;;;;;
30.06.1977;159,24;220,557;95,3;;;;;;
29.07.1977;138,63;220,752;88,24;;;;;;
31.08.1977;140,98;221,533;86,83;;;;;;
30.09.1977;145,75;228,857;88,4;;;;;;
31.10.1977;149,22;238,867;86,21;;;;;;
30.11.1977;152,24;237,012;90,75;;;;;;
30.12.1977;159,33;236,768;94,51;;;;;;
31.01.1978;159,11;251,062;90,91;;;;;;
28.02.1978;162,23;257,58;88,56;;;;;;
31.03.1978;179,66;264,102;94,98;;;;;;
28.04.1978;183,16;241,975;94,2;;;;;;
31.05.1978;195,49;264,425;102,35;;;;;;
30.06.1978;174,7;259,282;94,2;;;;;;
31.07.1978;175,72;292,783;98,75;;;;;;
31.08.1978;179,79;292,767;102,27;;;;;;
29.09.1978;191,62;305,574;105,33;;;;;;
31.10.1978;192,21;332,845;110,03;;;;;;
30.11.1978;196,64;281,473;107,21;;;;;;
29.12.1978;193,07;318,841;111,36;;;;;;
31.01.1979;204,26;333,641;123,67;;;;;;
28.02.1979;214,67;362,815;145,3;;;;;;
30.03.1979;209,32;349,382;148,28;;;;;;
30.04.1979;219,97;361,309;146,71;;;;;;
31.05.1979;206,05;403,91;124,61;;;;;;
29.06.1979;206,06;407,077;127,43;;;;;;
31.07.1979;192,45;425,094;127,43;;;;;;
31.08.1979;213,78;476,253;144,36;;;;;;
28.09.1979;224,45;623,712;167,71;;;;;;
31.10.1979;215,27;602,548;142,48;;;;;;
30.11.1979;236,13;677,913;160,97;;;;;;
31.12.1979;237,81;900,986;164,89;;;;;;
31.01.1980;250,85;1151,469;204,55;;;;;;
29.02.1980;247,85;1086,225;192,79;;;;;;
31.03.1980;216,22;773,856;136,52;;;;;;
30.04.1980;224,53;698,356;141,54;;;;;;
30.05.1980;237,91;761,589;146,39;;;;;;
30.06.1980;254,04;902,181;145,61;;;;;;
31.07.1980;261,69;874,948;150,16;;;;;;
29.08.1980;265,92;903,793;141,22;;;;;;
30.09.1980;284,71;985,29;146,47;;;;;;
31.10.1980;291,03;911,405;147,18;;;;;;
28.11.1980;293,99;917,784;147,73;;;;;;
31.12.1980;268,69;833,452;135,66;;;;;;
30.01.1981;252,19;709,061;131,98;;;;;;
27.02.1981;245,21;670,323;129,39;;;;;;
31.03.1981;249,03;708,847;135,42;;;;;;
30.04.1981;244,83;661,53;130,96;;;;;;
29.05.1981;243,65;660,256;127,66;;;;;;
30.06.1981;227,64;567,573;122,02;;;;;;
31.07.1981;230,58;560,024;131,27;;;;;;
31.08.1981;223,07;593,765;127,43;;;;;;
30.09.1981;222,98;589,695;120,22;;;;;;
30.10.1981;221,34;575,226;120,77;;;;;;
30.11.1981;215,42;546,945;118,57;;;;;;
31.12.1981;201,65;533,715;118,65;;;;;;
29.01.1982;213,57;521,373;116,69;;;;;;
26.02.1982;208,82;487,487;111,52;;;;;;
31.03.1982;215,75;446,448;105,88;;;;;;
30.04.1982;223,28;457,972;113,48;;;;;;
31.05.1982;217,65;431,024;101,25;;;;;;
30.06.1982;209,55;417,168;95,61;;;;;;
30.07.1982;207,14;465,102;98,98;;;;;;
31.08.1982;207,22;548,614;100,94;;;;;;
30.09.1982;199,4;535,428;94,04;;;;;;
29.10.1982;197,21;574,751;103,29;;;;;;
30.11.1982;205,05;606,16;106,58;;;;;;
31.12.1982;201,46;618,548;109,17;;;;;;
31.01.1983;199,05;722,996;117,95;89,9563;;;;;
28.02.1983;195,05;593,705;117,87;85,402;;;;;
31.03.1983;207,59;580,418;117,79;90,6728;;;;;
29.04.1983;209,18;608,408;123,43;96,478;;;;;
31.05.1983;206,91;600,408;122,81;94,9113;;;;;
30.06.1983;207,43;586,782;119,59;99,6357;;;;;
29.07.1983;209,76;598,243;120,61;102,7204;;;;;
31.08.1983;214,17;600,424;115,75;103,5463;;;;;
30.09.1983;208,97;567,82;104,94;98,7369;;;;;
31.10.1983;205,96;510,634;98,67;98,7977;;;;;
30.11.1983;207,91;556,754;106,27;94,0491;;;;;
30.12.1983;216,14;526,243;105,02;100,3765;;;;;
31.01.1984;211,53;511,838;100,94;105,3923;;;;;
29.02.1984;207,32;543,304;103,61;94,547;;;;;
30.03.1984;217,18;539,25;112,46;94,8628;;;;;
30.04.1984;210,72;516,656;102,98;94,4256;;;;;
31.05.1984;214,5;532,873;100,24;99,5385;;;;;
29.06.1984;208;506,632;97,18;94,6684;;;;;
31.07.1984;190,95;459,788;89,34;87,9645;;;;;
31.08.1984;198,64;474,119;98,9;96,223;;;;;
28.09.1984;199,16;464,885;90,2;100,9473;;;;;
31.10.1984;199,33;446,46;93,97;95,9558;;;;;
30.11.1984;200,6;441,604;92,24;93,0411;;;;;
31.12.1984;195,53;407,538;89,66;89,0454;;;;;
31.01.1985;193,78;403,355;98,12;87,1023;;;;;
28.02.1985;188,23;373,824;93,42;87,2237;;;;;
29.03.1985;197,96;433,55;98,12;92,0087;;;;;
30.04.1985;187,42;409,724;97,02;87,5273;;;;;
31.05.1985;187,62;411,203;95,06;86,58;;;;;
28.06.1985;180,05;409,703;93,34;83,1431;;;;;
31.07.1985;173,58;431,188;95,77;85,8635;;;;;
30.08.1985;176,51;444,021;96,94;94,6442;;;;;
30.09.1985;188,55;424,12;93,03;100,2065;;;;;
31.10.1985;201,02;427,15;94,44;106,461;;;;;
29.11.1985;201,56;431,909;96,94;105,7445;;;;;
31.12.1985;196,04;432,862;100,55;95,1542;;;;;
31.01.1986;173,94;460,015;102,98;67,1363;;;;;
28.02.1986;162,92;449,704;101,57;55,453;;;;;
31.03.1986;160,04;439,315;103,68;42,701;;;;;
30.04.1986;163,5;454,895;98,2;48,4333;;;;;
30.05.1986;154,1;455,172;98,9;47,2553;;;;;
30.06.1986;152,45;456,678;94,59;45,3;;;;;
31.07.1986;150,35;482,852;91,69;40,5271;;;;;
29.08.1986;163,95;532,175;91,61;54,1535;;;;;
30.09.1986;158,25;560,01;95,92;51,2023;;;;;
31.10.1986;160,24;539,645;92,16;50,9109;;;;;
28.11.1986;160,77;512,273;95,69;52,0889;;;;;
31.12.1986;159,27;523,706;95,85;60,6631;;;;;
30.01.1987;165,55;534,466;94,67;63,6573;102,76;;;;
27.02.1987;154,38;532,371;99,37;55,4659;90,98;;;;
31.03.1987;164,63;559,812;97,88;62,7441;103,2;;;;
30.04.1987;170,18;617,518;97,41;62,3902;102,65;;;;
29.05.1987;172,38;608,377;103,29;64,6024;106,22;;;;
30.06.1987;175,77;599,306;111,99;67,8192;111,2;;;;
31.07.1987;177,81;640,198;122,49;71,0233;117,12;;;;
31.08.1987;173,81;612,646;117,71;66,0184;108,13;;;;
30.09.1987;173,61;609,715;125;66,44;107,37;;;;
30.10.1987;174,25;609,617;128,76;68,3364;109,39;;;;
30.11.1987;171,64;634,686;160,19;63,9729;101,45;;;;
31.12.1987;164,33;620,864;199,69;57,8894;91,53;;;;
29.01.1988;166,63;581,189;150,08;58,2982;92,84;;;;
29.02.1988;163,79;555,817;135,27;56,1087;87,75;;;;
31.03.1988;171,2;595,062;165,05;59,433;93,61;;;;
29.04.1988;175,01;586,43;140,6;62,3702;98,6;;;;
31.05.1988;177,99;607,646;143,1;61,1946;95,97;;;;
30.06.1988;171,27;579,757;153,6;54,3589;83,09;;;;
29.07.1988;169,45;584,341;145,77;57,4641;89,39;;;;
31.08.1988;167,56;576,572;158,31;53,7732;83,2;;;;
30.09.1988;162,18;527,335;171,79;48,7296;73,28;;;;
31.10.1988;166,99;551,625;221,24;51,1823;74,43;;;;
30.11.1988;174,01;574,449;208,46;55,9926;83,96;;;;
30.12.1988;184,41;541,327;212,38;60,9177;94,49;;;;
31.01.1989;181,64;522,785;223,98;60,0502;93,34;;;;
28.02.1989;186,39;522,179;205,64;63,194;99,47;;;;
31.03.1989;197,62;519,025;207,84;73,0535;110,65;;;;
28.04.1989;197,61;509,364;209,4;73,7483;111,91;;;;
31.05.1989;188,54;485,686;179,23;69,7937;109,07;;;;
30.06.1989;189,27;496,636;162,85;68,5249;111,09;;;;
31.07.1989;179,55;498,892;174,76;63,5501;100,35;;;;
31.08.1989;183,95;479,89;202,12;66,331;103,2;;;;
29.09.1989;193,22;491,82;192,63;71,9471;110,33;;;;
31.10.1989;189,81;495,628;178,68;69,3962;109,28;;;;
30.11.1989;192,05;543,145;171,32;69,6539;109,01;;;;
29.12.1989;207,25;523,343;168,16;81,0008;119,59;;;;
31.01.1990;198,83;537,751;155,83;76,4746;124,3;;;;
28.02.1990;195,94;528,218;171,09;72,8234;118,05;;;;
30.03.1990;198,61;488,84;193,45;72,9171;111,15;;;;
30.04.1990;193,94;484,52;172,11;67,3071;101,61;;;;
31.05.1990;189,81;485,911;175,2;65,463;95,36;;;;
29.06.1990;184,18;476,15;180,17;62,8237;93,55;;;;
31.07.1990;196,8;493,066;196,93;73,8034;113,39;;;;
31.08.1990;225,45;502,1;197,24;98,6843;149,73;;;;
28.09.1990;270,19;512,649;187,76;131,2623;216,54;;;;
31.10.1990;249,37;480,524;182,94;116,702;193,08;;;;
30.11.1990;227,61;482,826;169,27;102,2636;158,12;;;;
31.12.1990;219,97;491,571;184,68;95,6235;155,87;;;;
31.01.1991;194,4476;456,49;170,62;76,6185;118,05;94,4086;93,1821;92,8314;86,1541
28.02.1991;191,2345;459,56;178,95;71,4011;105,01;95,9035;92,4301;97,7523;85,6199
29.03.1991;194,1259;449,442;168,6;73,0133;107,59;96,1254;90,7646;93,3741;89,6383
30.04.1991;195,998;449,349;162,75;75,0851;114,87;96,0553;91,1159;91,9417;93,3014
31.05.1991;192,89;453,854;150,19;75,3871;115,81;94,5573;92,578;84,3891;94,1063
28.06.1991;185,4473;463,121;156,73;72,5493;112,68;91,8192;95,4897;87,5802;89,3731
31.07.1991;191,8876;457,424;154,34;77,1304;118,82;95,2679;91,833;86,4376;94,4148
30.08.1991;192,6421;433,611;153,74;78,7039;122;94,992;86,9166;86,5497;98,7768
30.09.1991;193,9276;443,548;148,78;77,8203;121,83;95,7925;89,6321;84,3157;100,1737
31.10.1991;198,5509;446,553;149,82;82,4541;128,08;96,239;89,6031;84,5318;104,0254
29.11.1991;190,1044;458,65;147,17;75,5405;117,72;93,4482;90,7973;83,3067;96,6901
31.12.1991;176,9177;436,106;145,78;65,9133;104,79;89,2103;86,7498;81,8423;84,0297
31.01.1992;182,3528;445,322;151;67,62;103,58;90,6856;88,7337;85,1089;83,5198
28.02.1992;181,7778;440,604;158,77;67,5578;102,38;90,4265;87,4286;88,9053;82,1235
31.03.1992;184,7368;432,606;159,63;69,4162;106,54;90,9301;85,5978;88,125;85,7612
30.04.1992;190,1203;421,861;160,09;74,2346;114,27;91,3891;83,3018;87,7985;91,0641
29.05.1992;193,0193;425,528;159,97;78,0845;121,18;94,2308;83,162;88,5782;97,7045
30.06.1992;190,8873;434,102;165,13;75,2657;118,38;94,307;84,2292;92,9092;95,0215
31.07.1992;186,6917;449,512;169;75,7142;119,86;93,7125;85,791;93,7963;99,4286
31.08.1992;186,3997;428,414;168,05;75,1293;117,72;92,463;81,7712;92,8705;99,4539
30.09.1992;187,0465;433,159;159,6;75,1223;118,99;93,5965;82,4412;87,9829;104,7164
30.10.1992;182,4082;422,319;147,79;72,1392;113,01;90,6246;80,8529;81,6187;99,0248
30.11.1992;180,0958;419,478;149,3;68,7016;109,01;89,6207;79,6783;80,6488;93,8618
31.12.1992;181,0064;414,598;153,5;68,774;106,87;89,3243;78,7772;82,5417;91,9917
29.01.1993;183,3482;413,639;148,9;70,6769;111,04;88,9376;78,0072;80,2345;93,7965
26.02.1993;186,5014;409,598;145,79;72,2141;112,46;89,831;77,2076;78,1179;96,6687
31.03.1993;190,171;424,405;141,89;72,0014;112,02;91,7139;80,4909;76,306;98,6602
30.04.1993;187,6663;451,377;134,99;72,3169;112,52;92,3398;86,4927;71,5253;101,6144
31.05.1993;181,2161;477,185;131,56;69,9534;109,72;90,4797;91,2982;68,8556;97,0191
30.06.1993;175,9696;473,901;139,47;66,2336;103,31;89,9342;90,7095;72,0978;92,4063
30.07.1993;174,0556;518,197;138;63,2292;97,99;91,2514;100,2423;71,1257;87,9832
31.08.1993;175,8414;472,969;132,5;64,9238;100,24;89,4489;90,9566;67,9573;89,8608
30.09.1993;177,357;443,158;122,7;66,5425;102,98;87,1426;83,141;62,1274;89,5454
29.10.1993;171,4164;459,884;121,24;60,4449;92,73;85,8604;86,8902;61,9026;82,0469
30.11.1993;165,0651;462,206;122,1;54,9667;84,57;84,7095;87,2544;61,9763;74,797
31.12.1993;163,5542;493,103;132,49;51,1118;77,66;85,7159;94,6701;67,22;67,2399
31.01.1994;177,3524;483,471;140,62;58,7711;83,25;88,6607;92,7127;71,1624;74,5253
28.02.1994;171,232;486,849;144,44;54,8984;79,36;87,7565;93,6673;72,2692;71,23
31.03.1994;170,3859;506,816;143,65;54,6976;81,06;87,6847;97,3438;71,602;71,7299
29.04.1994;174,5563;482,911;145,57;58,3478;92,62;89,2768;92,2299;72,7472;77,8787
31.05.1994;176,7601;496,774;157,49;60,3696;100,35;93,7245;94,6806;79,4541;81,7224
30.06.1994;180,0834;493,408;166,41;63,6534;106,16;96,0476;93,3398;82,8673;86,0516
29.07.1994;182,5207;497,063;167,81;64,6868;111,26;97,0185;92,1296;83,6688;89,5634
31.08.1994;170,2628;498,808;174,01;55,9841;96,24;94,0616;92,9424;86,2174;79,1236
30.09.1994;171,4158;507,987;177;57,3207;100,79;93,8417;94,8073;86,4976;79,8187
31.10.1994;179,036;490,962;196,49;61,9129;99,69;94,2018;90,6979;95,5167;77,9963
30.11.1994;175,1664;485,391;210,37;58,9559;98,93;93,5841;88,165;103,2572;75,418
30.12.1994;180,7578;487,209;217,93;58,9464;97,34;95,7724;87,8593;107,3439;74,588
31.01.1995;176,0039;477,409;225,89;56,6017;100,79;94,7402;84,8734;110,2736;73,1993
28.02.1995;177,1083;476,581;196,81;58,2416;101,34;94,1897;84,2083;97,0511;74,6889
31.03.1995;179,0597;503,287;205,5;60,685;105,06;96,0444;90,0974;102,132;77,9293
28.04.1995;183,6347;501,214;199,34;63,8535;111,7;97,5306;91,2675;98,4052;81,5073
31.05.1995;180,8068;494,964;201,67;61,4828;103,53;96,3569;88,2127;99,9979;78,6453
30.06.1995;174,4889;491,565;205,48;56,4743;95,36;94,9608;86,3826;103,3268;72,6175
31.07.1995;177,3371;491,908;209,17;57,4583;96,24;96,3518;85,7489;104,5377;74,0287
31.08.1995;180,5308;494,225;203,23;59,2228;97,77;97,5383;86,8665;102,4379;75,6603
29.09.1995;181,0815;493,855;200,98;58,2337;96,13;98,0439;87,2753;101,7684;74,2169
31.10.1995;183,1156;488,639;194,64;59,2527;96,68;98,4151;86,3136;98,248;74,5714
30.11.1995;187,9269;492,578;194,79;62,1052;99,64;99,5048;85,9029;99,3746;77,9393
29.12.1995;203,4971;489,861;193,32;71,3137;107,15;104,3227;85,5304;97,4703;87,6887
31.01.1996;196,8141;516,473;185,06;66,9545;97,23;104,5817;90,2854;94,4829;86,2098
29.02.1996;197,696;507,506;184,73;67,6496;107,09;106,3925;88,693;94,2298;92,1985
29.03.1996;206,664;503,925;189,75;72,3346;117,67;111,0101;87,7679;96,6038;103,8424
30.04.1996;209,3274;496,576;188,13;71,7749;116,19;115,9353;85,8704;95,9539;112,3421
31.05.1996;203,8712;497,945;183,38;68,2647;108,3;114,913;85,8751;93,5324;109,5672
28.06.1996;206,5216;480,709;165,53;74,8174;114,66;114,2668;81,9888;84,0265;118,7698
31.07.1996;194,652;495,201;166,04;68,5523;111,91;112,1129;83,4516;83,8936;115,7065
30.08.1996;198,515;492,948;167,55;69,8946;121,94;117,0569;83,2803;85,4203;123,5253
30.09.1996;205,2159;477,33;155,76;77,2125;133,62;117,1345;79,9815;79,9382;136,4496
31.10.1996;204,9208;474,988;161,48;79,9962;127,97;115,0091;79,4633;82,1393;138,1832
29.11.1996;218,9817;470,09;172,13;88,1699;130,17;120,9334;77,8321;88,29;150,6071
31.12.1996;215,2563;463,536;168,79;85,8561;142,06;122,0442;77,2858;86,5785;156,2801
31.01.1997;204,9099;438,486;177,84;78,7554;132,36;122,2915;74,122;91,89;149,7339
28.02.1997;188,8185;465,948;186,01;65,3586;111,26;123,0913;78,7501;97,5867;127,6863
31.03.1997;192,4289;449,828;185,9;66,7254;111,86;125,1046;75,4728;98,2253;130,2578
30.04.1997;196,7678;432,634;184,12;68,5657;110,76;125,5463;71,6306;97,1327;130,9464
30.05.1997;197,3687;441,391;187,75;70,1348;114,44;126,8556;72,0796;99,8925;134,4089
30.06.1997;185,1689;428,961;184,37;66,5063;108,52;119,057;69,9651;98,1645;125,3535
31.07.1997;192,2873;421,31;190,53;68,7711;110,38;122,3872;67,7404;100,8936;129,4622
29.08.1997;195,7684;420,495;182,42;71,6509;107,48;121,7564;68,1397;96,6583;131,1429
30.09.1997;201,7335;437,225;178,98;77,7059;116,08;122,5685;71,9309;94,7281;140,8744
31.10.1997;208,1534;404,379;171,67;81,4591;115,53;122,5354;66,1511;89,9714;143,5385
28.11.1997;188,6889;393,481;164;69,2515;104,95;117,1992;66,1639;85,2626;125,5218
31.12.1997;175,623;389,318;157,43;63,023;96,68;111,9836;68,0054;80,7736;114,8256
30.01.1998;174,2636;408,085;155,58;61,7126;94,32;111,9258;70,4529;80,031;112,0948
27.02.1998;165,0984;405,426;150,43;57,5098;84,62;106,6887;71,0897;76,6516;102,646
31.03.1998;166,715;410,195;151,43;58,5571;85,55;106,5161;71,2822;77,9745;103,3795
30.04.1998;163,8963;413,313;153,22;57,6629;84,35;104,6834;71,2469;79,2808;99,8742
29.05.1998;158,2691;388,583;144,7;55,6876;83,31;99,122;65,1421;73,8736;94,1715
30.06.1998;155,1993;394,744;138,38;53,8686;77,72;96,5615;66,9308;69,5941;87,4717
31.07.1998;143,6022;386,843;141,65;49,539;77,88;90,3537;64,7216;71,4994;78,3039
31.08.1998;136,9596;367,05;139,55;47,0399;73,11;84,2667;60,2805;67,9454;71,7199
30.09.1998;153,7656;394,146;136,81;57,6427;88,46;90,4466;65,6926;67,8004;85,3107
30.10.1998;148,4851;384,669;135;52,7653;79,03;87,457;63,8408;66,2803;75,5429
30.11.1998;133,4806;386,274;135,55;42,0074;61,49;80,8446;63,0689;66,1622;58,8852
31.12.1998;133,019;381,495;127,97;44,4164;66,04;77,8027;62,5225;62,4032;58,9441
29.01.1999;135,2692;380,622;125,75;45,312;69,88;77,1889;62,6814;61,1764;58,9617
26.02.1999;130,8113;385,942;127,05;43,5393;67,25;74,2411;63,8481;61,5182;54,9403
31.03.1999;153,9354;372,815;128,11;58,8616;91,86;81,0226;60,5171;61,2368;73,0266
30.04.1999;160,9771;382,103;142,47;63,738;102,27;83,9973;62,7727;68,7305;77,9347
31.05.1999;152,2197;361,466;129,43;58,853;92,29;78,5584;58,3392;60,7512;72,0586
30.06.1999;163,362;354,087;144,29;66,9808;105,72;82,5994;58,0883;69,7656;81,5489
30.07.1999;169,1718;349,48;145,99;72,0406;112,52;83,7279;57,4626;70,5784;86,7093
31.08.1999;181,6245;346,514;155,24;78,3993;121,18;88,2114;56,4272;74,6697;94,4032
30.09.1999;191,063;398,865;158,85;84,6049;134,33;92,4352;64,3026;76,9283;100,6331
29.10.1999;181,3902;397,304;158,73;78,2189;119,2;88,4234;63,1284;76,2393;92,4022
30.11.1999;189,6623;390,839;162,23;83,0075;134,77;90,0884;61,8289;77,2124;97,3552
31.12.1999;194,5372;388,842;171,59;86,3081;140,3;92,2732;61,9262;81,3074;102,17
31.01.2000;206,3651;386,409;173,62;93,2955;151,49;96,8149;60,7091;81,2164;115,1918
29.02.2000;216,0089;394,89;164,16;101,3392;166,78;98,0632;61,146;77,4119;126,9063
31.03.2000;206,8815;381,412;163,78;92,841;147,43;98,5238;58,6439;77,7022;122,7391
28.04.2000;203,2085;374,541;160,43;90,4928;141,07;96,8817;57,4137;76,1786;123,0272
31.05.2000;223,2031;377,111;157,8;105,3429;158,99;102,8426;56,8588;75,2397;148,4157
30.06.2000;235,7137;396,636;163,01;115,2992;178,12;104,7638;59,5463;76,2545;163,5188
31.07.2000;213,3268;389,711;164,74;99,9114;150,33;99,0044;57,3111;77,8263;143,6733
31.08.2000;244,3988;389,039;168,18;121,5265;181,52;108,1696;56,9715;79,8526;177,4863
29.09.2000;237,4833;381,209;170,19;116,3291;169,02;106,975;55,9082;80,5328;174,5285
31.10.2000;236,7139;369,156;158,17;116,9079;179,22;103,8204;53,846;74,2191;171,0312
30.11.2000;256,384;378,563;158,8;129,0373;185,36;111,5902;54,165;74,2632;200,4858
29.12.2000;246,9237;378,154;160,08;121,1617;146,88;114,6134;53,8082;74,54;212,143
31.01.2001;226,9736;372,808;164,17;107,9247;157,08;111,3745;53,2811;75,9267;199,2194
28.02.2001;221,9866;371,026;158,12;103,9889;150,12;110,4787;52,1136;73,2996;196,6439
30.03.2001;212,7381;355,253;149,84;101,1508;144,09;105,3717;49,9588;68,9111;193,3921
30.04.2001;224,2305;365,111;154,48;107,8709;155,98;108,7085;50,753;70,9887;209,145
31.05.2001;217,6236;368,807;151,37;104,162;155,49;106,0908;51,1327;69,8542;200,8408
29.06.2001;202,6644;369,775;143,99;93,3836;143,87;101,5707;51,3482;65,5896;176,5319
31.07.2001;201,72;361,41;138,59;92,994;144,42;102,5699;50,4072;62,4965;177,6523
31.08.2001;203,0028;367,284;137,39;93,9189;149,07;102,2247;51,2075;61,4975;184,4006
28.09.2001;181,7182;388,819;130,07;81,94;128,41;95,1071;55,0848;57,6336;157,5356
31.10.2001;175,3805;369,788;124,93;78,1199;116,08;90,4071;51,8012;54,9045;145,0308
30.11.2001;169,575;365,548;142,02;70,7531;106,54;90,9585;50,6439;62,6748;129,8769
31.12.2001;169,1572;375,601;134,09;71,6468;108,74;89,0333;52,5777;58,5132;128,7
31.01.2002;166,0257;374,774;138,58;68,9262;106,76;88,3089;51,8425;61,8779;123,0475
28.02.2002;176,5311;395,352;139,48;76,578;119,15;90,4756;54,6582;61,6934;132,5681
29.03.2002;201,2279;405,73;143,19;93,9127;144,2;99,5878;55,845;64,0688;164,9156
30.04.2002;204,2329;412,075;141,93;97,861;149,57;99,4308;56,2207;63,0161;173,886
31.05.2002;194,2879;436,811;142,11;89,6644;138,72;97,7548;60,0946;63,1316;156,925
28.06.2002;202,7765;419,383;143,61;93,9836;147,21;99,5183;57,6097;63,651;161,0252
31.07.2002;203,4048;407,416;133,49;93,3722;148,09;98,8263;55,3407;58,168;157,236
30.08.2002;215,2304;418,919;133,49;100,5127;158,83;102,5808;56,0035;58,3215;171,0546
30.09.2002;227,5257;431,394;130,38;107,7576;166,89;106,2943;57,7647;56,498;184,7243
31.10.2002;217,423;424,584;139,31;98,9861;149,18;105,0528;56,7211;60,6025;170,3398
29.11.2002;217,5085;424,097;144,63;97,9812;147,37;105,2467;56,2443;62,1494;169,5816
31.12.2002;235,1541;461,386;137,82;112,5931;171;110,2756;61,476;59,2308;196,3532
31.01.2003;253,4514;487,806;148,57;123,6341;183,66;118,6439;64,2107;64,8415;223,2228
28.02.2003;278,572;462,858;149,28;142,639;200,59;122,5258;60,8537;64,819;255,5341
31.03.2003;232,2788;445,488;139,66;111,7374;170,12;113,1709;58,5717;60,1536;220,1076
30.04.2003;215,6376;450,056;142,28;99,378;141,4;112,3595;59,5026;61,1306;205,4413
30.05.2003;235,2415;480,877;150,33;111,5391;162,01;118,8213;62,2883;64,652;233,8159
30.06.2003;233,2028;457,741;144,08;112,1206;165,46;115,7878;59,929;62,0931;230,3024
31.07.2003;233,1563;473,798;156,23;110,7495;167,38;116,3948;62,8918;67,6188;223,9492
29.08.2003;242,459;499,382;153,03;114,2533;173,02;120,8984;65,5176;66,241;231,4051
30.09.2003;232,6344;510,751;154,93;107,061;160,04;120,8978;66,722;67,0162;218,8155
31.10.2003;238,4895;508,299;173,32;107,4589;159,54;126,5708;66,2611;75,1478;217,2699
28.11.2003;245,8032;527,161;175,21;111,3764;166,67;126,0868;68,8663;73,9142;222,134
31.12.2003;260,5434;553,909;193,36;123,028;178,23;135,2686;73,191;84,1474;255,9819
30.01.2004;260,088;540,251;200,01;120,4229;181,14;137,6197;72,3926;86,827;251,9482
27.02.2004;278,6556;536,712;215,89;129,989;198,18;146,4448;73,0381;94,0504;271,7681
31.03.2004;282,1227;585,096;215,34;130,4412;195,99;150,8372;80,9263;93,6329;280,7751
30.04.2004;289,5122;520,256;197,53;137,3701;204,87;148,0462;69,6594;85,5624;292,8242
31.05.2004;301,4126;529,392;205,89;146,2653;218,57;150,4365;70,5455;89,2305;314,5057
30.06.2004;286,3553;524,477;208,35;138,8761;203,06;144,0336;69,2349;88,825;296,6437
30.07.2004;307,4776;531,668;209,88;156,9575;240,05;146,4138;71,4102;90,4798;329,5241
31.08.2004;295,5954;556,428;204,56;147,5215;230,85;143,5561;74,5008;88,1709;304,9127
30.09.2004;337,7328;567,171;228,95;177,001;272,06;153,1752;75,9266;98,7588;361,8528
29.10.2004;355,2492;581,124;218,65;190,5827;283,68;155,5494;78,2431;94,4712;388,7701
30.11.2004;342,5017;613,89;227,48;179,4186;269,26;153,406;82,374;99,1007;353,1159
31.12.2004;310,4673;588,155;238,22;156,0954;238,13;145,6045;77,5249;103,9563;300,7146
31.01.2005;331,4828;570,118;231,21;172,4355;264,17;146,8208;75,0905;101,0201;326,4827
28.02.2005;355,8531;591,936;242,58;185,4148;283,62;156,8857;78,6066;106,8353;343,695
31.03.2005;383,6221;582,252;247,15;205,2017;303,63;162,0939;76,8083;107,8665;379,7654
29.04.2005;353,6854;586,268;235,28;184,7635;272,5;152,2941;76,6462;102,8708;331,515
31.05.2005;354,8881;569,8;228,09;186,533;284,83;150,7271;75,5186;101,4086;326,2363
30.06.2005;379,7879;588,62;228,21;204,7524;309,66;152,8846;76,686;100,7378;352,8817
29.07.2005;401,999;588,632;240,19;219,4429;331,96;159,3296;76,2668;106,759;380,1898
31.08.2005;465,1507;587,967;244,31;265,2074;377,84;170,8165;75,217;108,7282;475,5177
30.09.2005;469,5595;634,898;246,92;266,2328;363,04;178,2486;81,4295;110,3877;508,749
31.10.2005;422,8763;628,942;257,85;233,2295;327,52;166,5165;80,9287;115,2919;436,8217
30.11.2005;415,9086;674,224;279,18;224,8546;314,15;166,4017;86,4721;125,6001;420,955
30.12.2005;431,7214;702,935;294,12;232,4023;334,54;171,1493;90,4329;134,3885;414,0502
31.01.2006;453,9183;779,817;327,44;244,1871;372,25;173,6687;99,6083;149,5554;397,8235
28.02.2006;415,8627;765,104;319,9;216,9488;336,57;162,2336;97,6875;146,3851;326,1896
31.03.2006;442,519;807,15;341,78;235,9835;365,18;165,194;104,1604;156,9021;347,7954
28.04.2006;474,7863;906,988;413,19;251,8668;393,95;175,7669;117,8036;191,0301;353,791
31.05.2006;474,5546;890,43;441,17;249,0432;390,72;176,6788;113,4177;206,9953;343,5898
30.06.2006;484,6753;837,556;416,57;256,7267;405,18;173,2354;105,2146;195,4873;341,7125
31.07.2006;498,2476;878,624;440,48;265,6413;407,76;178,0322;108,5518;207,1458;363,0433
31.08.2006;465,868;877,363;438,97;242,4461;385,07;170,8761;110,5391;209,2962;320,4398
29.09.2006;428,0533;828,499;440;216,0929;344,79;159,9566;103,2317;211,0268;260,2272
31.10.2006;429,2243;837,797;467,66;211,4327;321,88;166,8169;105,2945;226,8521;249,5354
30.11.2006;463,6554;909,139;462,33;231,4786;345,99;175,214;114,1964;227,4692;268,2792
29.12.2006;433,6465;881,162;445,49;212,1285;334,59;166,5087;109,5717;220,7889;231,2062
31.01.2007;427,2178;910,62;424,17;209,4243;318,64;166,0942;112,6687;210,5532;235,5751
28.02.2007;448,4914;933,92;444,34;220,3086;338,65;171,0131;115,6548;221,5675;240,4789
30.03.2007;468,115;923,018;467,36;236,0026;361,01;171,9626;112,7347;233,2848;252,9156
30.04.2007;474,4641;941,609;506,93;237,0237;360,13;173,2148;114,5493;253,2889;251,5652
31.05.2007;470,648;920,408;492,26;233,879;350,82;172,7233;111,4126;244,8228;245,829
29.06.2007;489,152;892,835;472,03;247,273;387,37;169,671;107,104;231,7863;240,7471
31.07.2007;515,941;931,789;483,15;263,252;428,64;172,4463;110,1988;234,4349;242,1767
31.08.2007;495,304;928,244;448,62;248,469;405,79;165,5659;108,5464;216,0663;224,1142
28.09.2007;546,133;1024,93;464,3;275,727;447,55;178,2499;120,3377;221,5736;243,0593
31.10.2007;599,31;1084,09;459,98;318,127;518,09;183,5241;126,951;216,7587;273,5914
30.11.2007;577,987;1074,28;420,54;302,012;486,19;177,2468;124,4442;199,8245;251,4852
31.12.2007;610,169;1139,81;397,74;323,078;526,03;184,964;131,9091;190,1941;266,6686
31.01.2008;608,378;1266,46;437,68;313,412;502,85;192,2861;146,2872;207,3065;264,0858
29.02.2008;679,778;1348,98;501,65;348,878;558,15;215,5208;158,3201;236,9014;295,9496
31.03.2008;668,913;1261,46;479,47;353,237;556,72;201,5983;145,5479;225,6355;305,4722
30.04.2008;721,067;1187,31;474,58;391,076;621,83;208,5523;137,2208;222,0858;335,1564
30.05.2008;786,583;1221,46;437,85;441,474;697,96;213,9473;140,3771;206,7001;371,8309
30.06.2008;862,809;1271,42;458,67;483,629;767,29;233,0345;145,799;216,2556;410,7958
31.07.2008;760,199;1267,19;438,52;419,294;680,04;205,1032;144,7254;203,2403;328,2905
29.08.2008;708,156;1125,64;409,51;386,936;632,8;189,8888;125,1323;190,191;298,3612
30.09.2008;622,237;1167,64;354,36;339,289;551,57;167,7756;126,9089;164,6904;262,5684
31.10.2008;449,461;949,6;260,63;235,2;371,64;131,9721;102,8341;120,3269;195,0614
28.11.2008;390,646;1075,15;228,95;194,764;298,31;122,7531;114,9284;107,6625;166,0576
31.12.2008;349,038;1163,1;204,91;163,218;244,44;117,2441;124,6683;96,9222;138,3418
30.01.2009;336,205;1227,5;195,1;155,633;228,43;110,9304;132,6114;91,4754;121,0712
27.02.2009;336,24;1249,42;199,22;158,107;245,31;105,988;135,5569;91,3219;112,0617
31.03.2009;358,526;1227,31;220,69;169,88;272,17;109,7822;133,1549;101,3781;112,6715
30.04.2009;365,848;1180,75;241,6;172,327;280,17;110,5712;127,6737;111,1074;105,8879
29.05.2009;443,053;1317,74;256,68;219,715;363,42;124,9324;146,1401;117,4022;129,7531
30.06.2009;450,217;1235,86;273,8;230,418;383,04;122,5361;134,7986;124,0901;132,2582
31.07.2009;457,407;1273;316,08;232,011;380,63;126,4754;138,3981;143,0807;129,9092
31.08.2009;453,787;1279,31;340,7;227,351;383,43;125,7191;140,8669;150,0599;121,8468
30.09.2009;462,748;1362,13;333,48;233,949;386,99;127,6833;151,5811;148,9763;126,5759
30.10.2009;496,808;1395,65;345,44;255,315;422,01;131,8621;153,6248;154,757;131,1303
30.11.2009;512,574;1586,49;363,8;257,85;423,55;136,4934;174,4703;161,9442;127,9727
31.12.2009;524,621;1467,9;391,81;265,013;434,94;139,1873;160,8172;174,165;130,7939
29.01.2010;486,145;1446,75;357,9;243,456;399,49;129,0506;158,1261;158,907;120,0519
26.02.2010;517,484;1491,78;379,31;262,653;436,59;133,8318;162,7136;168,528;123,9138
31.03.2010;530,159;1496;413,01;273,955;459,06;132,1517;164,5402;184,7845;119,9249
30.04.2010;549,941;1585,54;402,53;285,456;472,16;134,7037;174,4166;178,8061;122,7881
31.05.2010;488,193;1624,45;361,33;247,709;405,4;125,3626;177,4447;158,5499;110,7221
30.06.2010;495,177;1664,05;341,92;252,447;414,5;125,7471;181,4081;149,5011;112,5089
30.07.2010;524,809;1583,37;380,48;262,783;432,7;134,2481;172,5094;165,4341;117,1766
31.08.2010;499,162;1676,12;377,38;241,248;394,17;130,8135;183,0596;163,0674;102,9519
30.09.2010;546,064;1769,44;416,03;266,244;438,29;140,2939;195,2975;179,8542;107,6767
29.10.2010;564,16;1852,6;424,36;269,814;446,29;147,2686;207,1644;182,9805;106,3417
30.11.2010;575,84;1921;418,04;279,46;460,98;146,7299;218,6784;179,5454;107,9969
31.12.2010;631,83;1988,83;470,13;303,62;500,82;162,3929;229,1002;202,1788;116,8364
31.01.2011;655,26;1858,91;479,52;314,26;505,26;163,9999;212,7693;205,5616;118,062
28.02.2011;690,85;2003,93;491,59;336,87;531,46;166,1437;232,0524;210,5632;116,4192
31.03.2011;725,62;2079,55;477,7;363,35;584,89;169,5579;242,8261;202,5515;124,882
29.04.2011;758,79;2323,12;479,45;387,86;624,41;175,4211;276,1658;201,5192;132,2374
31.05.2011;707,26;2198,49;466,71;355,16;562,86;166,5416;255,1169;195,9826;122,6315
30.06.2011;668,85;2123,98;466,15;336,46;522,96;158,1349;244,7197;195,1089;114,7882
29.07.2011;686,08;2328,1;484,57;342,72;524,5;162,8146;269,4975;203,9429;113,8291
31.08.2011;674,69;2582,07;454,26;327,53;486,74;164,4327;296,6927;188,6714;108,218
30.09.2011;591;2218,81;363,58;292,18;434,07;140,2016;250,3727;150,8244;96,0663
31.10.2011;647,96;2382,83;397,08;326,99;510,74;149,4779;270,4943;164,8809;104,5089
30.11.2011;658,02;2397,3;386,3;338,33;550,04;146,1596;270,352;159,9072;103,9248
30.12.2011;644,91;2131,69;371,64;330,2;541,65;140,6802;239,4102;153,1071;98,1255
31.01.2012;660,68;2391,01;410,13;335,18;539,73;144,1561;269,7783;169,819;94,7213
29.02.2012;703,5;2370,85;415,86;363,91;586,81;148,0367;268,8138;171,1413;99,3239
30.03.2012;688,71;2302,34;397,81;357,01;564,62;141,9021;259,7336;161,9081;92,129
30.04.2012;684,88;2278,24;399,21;356,22;574,76;141,2917;255,9256;162,3979;92,0526
31.05.2012;596,2;2127,05;360,88;301,57;474,24;128,3789;237,6468;146,7192;81,812
29.06.2012;599,44;2172,7;362,74;296;465,64;135,4213;241,9951;147,2718;83,8777
31.07.2012;635,82;2188,04;357,03;311,65;482,63;144,169;243,2258;143,6127;90,4975
31.08.2012;675,03;2310,16;359,42;339,27;528,72;146,0275;258,3221;144,0036;91,7503
28.09.2012;665,73;2443,94;397,24;331,02;505,26;148,5061;274,4048;159,8674;93,8201
31.10.2012;637,74;2356,23;365,25;315,67;472,65;142,7416;263,6839;145,0272;91,681
30.11.2012;650,05;2358,54;388,37;322,45;487,28;142,8028;264,315;155,1549;90,6316
31.12.2012;646,58;2283,82;385,72;324,92;503,23;139,0707;254,2351;154,0011;88,862
31.01.2013;675,37;2279,19;396,34;342,46;534,31;142,3956;254,7343;157,5117;91,892
28.02.2013;648,21;2150,29;376,95;329,69;504,49;136,5666;238,804;148,6306;89,5426
29.03.2013;655,05;2169,86;361,47;337,13;532,88;137,4762;240,2994;141,8936;95,1659
30.04.2013;624,44;1981,64;344,44;318,14;512,22;133,6316;217,279;134,699;93,7752
31.05.2013;615,46;1868,51;353,88;312,16;504,06;130,6295;204,039;136,86;89,3573
28.06.2013;611,3;1640,69;328,94;319,61;529,21;124,4663;178,992;127,1304;87,0716
31.07.2013;638,64;1747,34;333,7;340,76;575,63;126,1571;189,0302;128,3007;90,7397
30.08.2013;657,05;1885,31;340,71;351,77;589,99;130,4445;206,664;130,5253;93,5471
30.09.2013;632,4;1785,35;347,46;333,86;560,84;127,1103;195,0302;132,5752;89,5114
31.10.2013;622,52;1783,12;349,67;327,74;528,23;125,2281;195,0118;133,1249;87,1612
29.11.2013;620,12;1677,92;335,13;327,44;508,17;124,2192;182,6095;126,7338;89,1442
31.12.2013;632,29;1614,49;349,83;338,05;539,41;125,7515;175,8205;132,9276;93,4243
31.01.2014;622,26;1655,89;335,67;330,98;534,31;126,1206;179,1867;126,39;96,5953
28.02.2014;649,6444;1774,161;340,58;342,5491;562,26;133,9783;192,979;128,8786;99,0975
31.03.2014;648,857;1714,172;333,45;337,1856;556,72;134,5234;185,3191;126,8625;97,3346
30.04.2014;652,5111;1722,313;339,97;337,0782;546,64;137,7964;185,1519;130,6445;100,237
30.05.2014;649,6324;1658,577;349,17;340,2094;562,92;133,8324;178,5796;134,1878;99,5703
30.06.2014;658,5723;1772,69;358,59;349,0762;577,5;134,6268;192,3262;137,6371;101,5739
31.07.2014;621,7026;1719,92;368,57;328,4752;538,04;127,9143;186,4311;140,6914;93,6498
29.08.2014;610,9172;1715,67;371,96;320,9591;525,92;126,5745;184,568;141,3574;93,4396
30.09.2014;574,2939;1601,152;350,07;300,6083;499,62;118,6922;170,6227;131,957;89,3184
31.10.2014;539,5923;1544,223;356,04;271,2123;441,41;117,7365;164,0622;133,8956;81,1915
28.11.2014;482,1124;1543,032;344,3;228,9433;362,55;112,9451;162,9492;129,379;72,6867
31.12.2014;418,1225;1553,579;329,15;185,0499;291,95;104,3285;163,9722;123,7539;56,6487
30.01.2015;389,6819;1682,062;310,98;171,2064;264,39;100,8413;177,824;117,1188;52,8309
27.02.2015;421,2419;1597,677;312,96;194,2739;272,72;103,4379;169,1646;118,4395;57,2827
31.03.2015;396,6492;1563,042;312,83;177,3742;260,88;98,123;166,0939;117,1676;52,0018
30.04.2015;445,5848;1557,393;337,95;211,7765;326,81;103,7471;164,6962;126,3123;59,198
29.05.2015;439,0937;1571,871;311,94;210,4306;330,48;100,9465;166,8243;116,5882;57,9351
30.06.2015;440,6926;1538,909;297,51;206,634;325,93;102,6892;161,8502;110,9364;57,6803
31.07.2015;378,3843;1440,126;277,64;171,1902;258,25;91,7827;151,5297;102,8322;49,3306
31.08.2015;380,848;1482,296;273,5;174,1587;269,65;90,9328;154,7874;99,9505;49,6983
30.09.2015;359,3369;1461,291;269,28;158,7497;247,12;87,8214;152,8384;98,6015;44,7861
30.10.2015;363,4441;1503,116;262,52;160,7211;255,34;87,4289;158,3292;95,8342;43,2976
30.11.2015;336,1496;1398,209;244,84;145,8431;228,27;81,0781;146,3887;87,5033;38,6853
31.12.2015;311,6524;1389,233;253,08;126,7627;203;78,5588;145,1101;90,4397;34,6081
29.01.2016;300,6679;1459,748;249,19;118,2863;184,26;77,2234;151,9842;89,1619;32,0714
29.02.2016;303,6298;1605,093;257,88;119,4691;184,97;75,9463;165,5932;92,123;29,09
31.03.2016;323,4185;1612,378;258,04;132,9921;210,13;78,8272;167,1671;92,4441;31,3633
29.04.2016;360,407;1701,986;276,76;155,7412;251,67;85,5205;179,2709;99,062;35,5691
31.05.2016;370,9456;1596,908;257,42;165,1442;269,1;85,3383;166,5529;91,8382;36,6546
30.06.2016;374,0323;1745,868;272,48;164,8361;264,88;88,8423;184,1563;98,0239;37,7191
29.07.2016;339,3952;1807,616;278,29;144,1599;228;84,2809;192,0087;101,1115;33,6782
31.08.2016;348,2078;1736,007;269,61;154,1739;244,99;82,7727;182,4554;96,9322;34,8671
30.09.2016;364,4711;1748,138;283,78;165,2756;264,39;85,342;184,4612;101,9501;36,3098
31.10.2016;361,623;1681,378;287,54;161,3853;256,82;84,9011;176,0879;103,2591;35,3089
30.11.2016;377,2212;1551,148;317,83;170,7224;270,96;86,0015;161,9537;113,8871;36,7979
30.12.2016;398,2039;1519,861;300,9;187,4344;294,42;87,5144;158,3764;108,0971;40,1069
31.01.2017;395,8302;1606,483;326,57;180,7187;289,43;87,5922;168,2368;116,099;37,0426
28.02.2017;402,2199;1666,206;332,46;183,5087;296,01;87,7388;174,7757;118,6558;36,0213
31.03.2017;388,2245;1660,743;329,6;175,9629;277,32;85,3508;173,5888;116,1565;35,4768
28.04.2017;382,7658;1669,977;320,1;170,6991;270,36;84,0128;172,5;112,1336;34,3946
31.05.2017;377,8538;1679,839;316,92;167,5039;264,82;82,8292;173,2218;110,8737;33,2406
30.06.2017;372,3775;1632,699;327,46;160,965;252,33;82,6017;167,6792;114,5103;31,9701
31.07.2017;388,0653;1670,787;339,27;174,1779;274,96;84,3915;170,4599;119,1177;33,3986
31.08.2017;386,0041;1736,394;368,97;173,0676;258,85;84,6565;177,1384;130,4838;33,8454
29.09.2017;399,3082;1682,927;359,8;183,0691;283,19;84,4599;171,0826;125,4804;35,0059
31.10.2017;415,1419;1666,389;376,09;192,4137;298,04;86,1882;169,7054;132,6628;35,8341
30.11.2017;424,2574;1671,268;364,34;199,1672;314,59;85,7033;169,0833;127,0243;36,6282
29.12.2017;442,4357;1716,654;394,04;210,5129;331,14;88,1674;174,0493;138,51;38,0155
31.01.2018;456,533;1757,352;394,41;219,986;354,76;89,8001;177,1668;138,626;39,6775
28.02.2018;443,3807;1719,069;383,06;208,4095;337,83;88,1409;172,4302;135,4536;36,7949
30.03.2018;452,9353;1728,667;365,87;220,6617;355,91;87,4729;172,4588;129,3761;38,5358
30.04.2018;475,7616;1720,534;381,08;233,9677;375,81;89,593;171,7914;133,7187;40,4066
